{
    "DPAD_TEXTURE": "034B5EFE",
    "EXTENDED_ITEM_DATA": "03482008",
    "FAIRY_ITEMS": "03481C04",
    "FAIRY_OCARINA_ITEM": "03481C03",
    "FONT_TEXTURE": "034B4A36",
    "INITIAL_SAVE_DATA": "03481800",
    "ITEM_OVERRIDES": "03481000",
    "ITEM_TABLE": "03482050",
    "LIGHT_ARROW_ITEM": "03481C02",
    "PENDING_SPECIAL_ITEM": "03482018",
    "PENDING_SPECIAL_ITEM_END": "0348201B",
    "PLAYER_ID": "03481C00",
    "PLAYER_OVERRIDE_DATA": "03482000",
    "QUICKBOOTS_ENABLE": "03481C01",
    "TIME_TRAVEL_SAVED_EQUIPS": "0348201C",
    "cfg_dungeon_info_enable": "034B49EC",
    "cfg_dungeon_info_mq_enable": "034B4A04",
    "cfg_dungeon_info_mq_need_map": "034B4A00",
    "cfg_dungeon_info_reward_need_altar": "034B49F8",
    "cfg_dungeon_info_reward_need_compass": "034B49FC",
    "cfg_dungeon_is_mq": "034B4A28",
    "cfg_dungeon_rewards": "034B492C",
    "dpad_sprite": "034B48CC",
    "dungeon_count": "034B49F0",
    "dungeons": "034B4950",
    "font_sprite": "034B48DC",
    "heap_next": "034B49F4",
    "items_sprite": "034B48FC",
    "medal_colors": "034B493C",
    "medals_sprite": "034B490C",
    "quest_items_sprite": "034B48EC",
    "setup_db": "034B4A18",
    "stones_sprite": "034B491C"
}